{
  "composition": "CameraRollPanTiltGridTest",
  "metrics": {
    "max_acceleration": 8.701745986938477,
    "max_velocity": 11.182084083557129,
    "num_samples": 4,
    "total_length": 596.514892578125
  },
  "range": {
    "end": 90,
    "start": 0,
    "step": 30
  },
  "samples": [
    {
      "fov_deg": 50.0,
      "frame": 0,
      "path_distance": 0.0,
      "position": [
        0.0,
        0.0,
        -1000.0
      ],
      "rotation": [
        0.0,
        0.0,
        0.0
      ],
      "target": [
        0.0,
        0.0,
        0.0
      ],
      "velocity": 0.0,
      "zoom": 1000.0
    },
    {
      "fov_deg": 50.0,
      "frame": 30,
      "path_distance": 0.0,
      "position": [
        0.0,
        0.0,
        -1000.0
      ],
      "rotation": [
        0.0,
        0.0,
        10.0
      ],
      "target": [
        0.0,
        0.0,
        0.0
      ],
      "velocity": 0.0,
      "zoom": 1000.0
    },
    {
      "fov_deg": 50.0,
      "frame": 60,
      "path_distance": 261.0523681640625,
      "position": [
        0.0,
        258.81903076171875,
        -965.9258422851563
      ],
      "rotation": [
        0.0,
        0.0,
        10.0
      ],
      "target": [
        0.0,
        0.0,
        0.0
      ],
      "velocity": 8.701745986938477,
      "zoom": 1000.0
    },
    {
      "fov_deg": 50.0,
      "frame": 90,
      "path_distance": 596.514892578125,
      "position": [
        330.3660888671875,
        258.81903076171875,
        -907.67333984375
      ],
      "rotation": [
        0.0,
        0.0,
        10.0
      ],
      "target": [
        0.0,
        0.0,
        0.0
      ],
      "velocity": 11.182084083557129,
      "zoom": 1000.0
    }
  ]
}
